Xtcl1,-,-
zAIlE,-,-
82351,-,-
84271,-,-
66010,-,-
35808,-,-
17937,-,-
50200,-,-
12956,-,-
20490,-,-
24106,-,-
38721,-,-
83345,-,-
97051,-,-
91676,-,-
98159,-,-
54725,-,-
93680,-,-
24701,-,-
21005,-,-
93737,-,-
97338,-,-
55875,-,-
12450,-,-
20095,-,-
15227,-,-
25013,-,-
06142,-,-
73242,-,-
86616,-,-
90322,-,-
10491,-,-
95350,-,-
30974,-,-
50750,-,-
02406,-,-
16021,-,-
45191,-,-
03017,-,-
19874,-,-
90903,-,-
24992,-,-
10485,-,-
24091,-,-
01291,-,-
13238,-,-
90438,-,-
76396,-,-
41355,-,-
84627,-,-
02432,-,-
99721,-,-
19938,-,-
58471,-,-
17445,-,-
91422,-,-
47993,-,-
26050,-,-
20662,-,-
39727,-,-
32088,-,-
18557,-,-
11817,-,-
30983,-,-
55829,-,-
54360,-,-
89207,-,-
25778,-,-
95552,-,-
55326,-,-
53767,-,-
27743,-,-
38487,-,-
37928,-,-
87319,-,-
51395,-,-
78110,-,-
38984,-,-
11870,-,-
71644,-,-
83388,-,-
47992,-,-
45422,-,-
88501,-,-
79610,-,-
99486,-,-
96486,-,-
95627,-,-
52909,-,-
72216,-,-
72163,-,-
22678,-,-
36283,-,-
79656,-,-
31301,-,-
13331,-,-
03743,-,-
77740,-,-
68153,-,-
58566,-,-
31846,-,-
71426,-,-
